corbett,region,height,first_route_title,first_route_url,time_hours_min,time_hours_max,distance_km,ascent,scramble,exposed,spate,bog,river,pathless,toilet,bothy,pub,car_park,deer_fence,cow,ascents,rating
Ainshval,781m,NA,Isle of Bute,https://www.walkhighlands.co.uk/argyll/isle-of-bute.shtml,NA,NA,NA,NA,FALSE,FALSE,FALSE,FALSE,FALSE,FALSE,FALSE,FALSE,FALSE,FALSE,FALSE,FALSE,1009,NA
Am Bathach,798m,NA,Isle of Bute,https://www.walkhighlands.co.uk/argyll/isle-of-bute.shtml,NA,NA,NA,NA,FALSE,FALSE,FALSE,FALSE,FALSE,FALSE,FALSE,FALSE,FALSE,FALSE,FALSE,FALSE,2536,NA
An Dùn,827m,NA,Isle of Bute,https://www.walkhighlands.co.uk/argyll/isle-of-bute.shtml,NA,NA,NA,NA,FALSE,FALSE,FALSE,FALSE,FALSE,FALSE,FALSE,FALSE,FALSE,FALSE,FALSE,FALSE,829,NA
An Ruadh-stac,892m,NA,Isle of Bute,https://www.walkhighlands.co.uk/argyll/isle-of-bute.shtml,NA,NA,NA,NA,FALSE,FALSE,FALSE,FALSE,FALSE,FALSE,FALSE,FALSE,FALSE,FALSE,FALSE,FALSE,1091,NA
An Sìdhean,814m,NA,Isle of Bute,https://www.walkhighlands.co.uk/argyll/isle-of-bute.shtml,NA,NA,NA,NA,FALSE,FALSE,FALSE,FALSE,FALSE,FALSE,FALSE,FALSE,FALSE,FALSE,FALSE,FALSE,562,NA
An Stac,814m,NA,Isle of Bute,https://www.walkhighlands.co.uk/argyll/isle-of-bute.shtml,NA,NA,NA,NA,FALSE,FALSE,FALSE,FALSE,FALSE,FALSE,FALSE,FALSE,FALSE,FALSE,FALSE,FALSE,908,NA
Aonach Buidhe,899m,NA,Isle of Bute,https://www.walkhighlands.co.uk/argyll/isle-of-bute.shtml,NA,NA,NA,NA,FALSE,FALSE,FALSE,FALSE,FALSE,FALSE,FALSE,FALSE,FALSE,FALSE,FALSE,FALSE,490,NA
Aonach Shasuinn,888m,NA,Isle of Bute,https://www.walkhighlands.co.uk/argyll/isle-of-bute.shtml,NA,NA,NA,NA,FALSE,FALSE,FALSE,FALSE,FALSE,FALSE,FALSE,FALSE,FALSE,FALSE,FALSE,FALSE,599,NA
Arkle,787m,NA,Isle of Bute,https://www.walkhighlands.co.uk/argyll/isle-of-bute.shtml,NA,NA,NA,NA,FALSE,FALSE,FALSE,FALSE,FALSE,FALSE,FALSE,FALSE,FALSE,FALSE,FALSE,FALSE,1165,NA
Askival,812m,NA,Isle of Bute,https://www.walkhighlands.co.uk/argyll/isle-of-bute.shtml,NA,NA,NA,NA,FALSE,FALSE,FALSE,FALSE,FALSE,FALSE,FALSE,FALSE,FALSE,FALSE,FALSE,FALSE,1232,NA
Auchnafree Hill,789m,NA,Isle of Bute,https://www.walkhighlands.co.uk/argyll/isle-of-bute.shtml,NA,NA,NA,NA,FALSE,FALSE,FALSE,FALSE,FALSE,FALSE,FALSE,FALSE,FALSE,FALSE,FALSE,FALSE,2458,NA
Bac an Eich,849m,NA,Isle of Bute,https://www.walkhighlands.co.uk/argyll/isle-of-bute.shtml,NA,NA,NA,NA,FALSE,FALSE,FALSE,FALSE,FALSE,FALSE,FALSE,FALSE,FALSE,FALSE,FALSE,FALSE,730,NA
Baosbheinn,875m,NA,Isle of Bute,https://www.walkhighlands.co.uk/argyll/isle-of-bute.shtml,NA,NA,NA,NA,FALSE,FALSE,FALSE,FALSE,FALSE,FALSE,FALSE,FALSE,FALSE,FALSE,FALSE,FALSE,810,NA
Beinn a' Bha'ach Ard,862m,NA,Isle of Bute,https://www.walkhighlands.co.uk/argyll/isle-of-bute.shtml,NA,NA,NA,NA,FALSE,FALSE,FALSE,FALSE,FALSE,FALSE,FALSE,FALSE,FALSE,FALSE,FALSE,FALSE,909,NA
Beinn a' Bhuiridh,897m,NA,Isle of Bute,https://www.walkhighlands.co.uk/argyll/isle-of-bute.shtml,NA,NA,NA,NA,FALSE,FALSE,FALSE,FALSE,FALSE,FALSE,FALSE,FALSE,FALSE,FALSE,FALSE,FALSE,1238,NA
Beinn a' Chaisgein Mòr,856m,NA,Isle of Bute,https://www.walkhighlands.co.uk/argyll/isle-of-bute.shtml,NA,NA,NA,NA,FALSE,FALSE,FALSE,FALSE,FALSE,FALSE,FALSE,FALSE,FALSE,FALSE,FALSE,FALSE,492,NA
Beinn a' Chaisteil (Auch),886m,NA,Isle of Bute,https://www.walkhighlands.co.uk/argyll/isle-of-bute.shtml,NA,NA,NA,NA,FALSE,FALSE,FALSE,FALSE,FALSE,FALSE,FALSE,FALSE,FALSE,FALSE,FALSE,FALSE,1039,NA
Beinn a' Chaisteil (Strath Vaich),788m,NA,Isle of Bute,https://www.walkhighlands.co.uk/argyll/isle-of-bute.shtml,NA,NA,NA,NA,FALSE,FALSE,FALSE,FALSE,FALSE,FALSE,FALSE,FALSE,FALSE,FALSE,FALSE,FALSE,677,NA
Beinn a' Chlaidheimh,914m,NA,Isle of Bute,https://www.walkhighlands.co.uk/argyll/isle-of-bute.shtml,NA,NA,NA,NA,FALSE,FALSE,FALSE,FALSE,FALSE,FALSE,FALSE,FALSE,FALSE,FALSE,FALSE,FALSE,2229,NA
Beinn a' Choin,770m,NA,Isle of Bute,https://www.walkhighlands.co.uk/argyll/isle-of-bute.shtml,NA,NA,NA,NA,FALSE,FALSE,FALSE,FALSE,FALSE,FALSE,FALSE,FALSE,FALSE,FALSE,FALSE,FALSE,1234,NA
Beinn a' Chrùlaiste,857m,NA,Isle of Bute,https://www.walkhighlands.co.uk/argyll/isle-of-bute.shtml,NA,NA,NA,NA,FALSE,FALSE,FALSE,FALSE,FALSE,FALSE,FALSE,FALSE,FALSE,FALSE,FALSE,FALSE,2568,NA
Beinn a' Chuallaich,891m,NA,Isle of Bute,https://www.walkhighlands.co.uk/argyll/isle-of-bute.shtml,NA,NA,NA,NA,FALSE,FALSE,FALSE,FALSE,FALSE,FALSE,FALSE,FALSE,FALSE,FALSE,FALSE,FALSE,1292,NA
Beinn Airigh Charr,791m,NA,Isle of Bute,https://www.walkhighlands.co.uk/argyll/isle-of-bute.shtml,NA,NA,NA,NA,FALSE,FALSE,FALSE,FALSE,FALSE,FALSE,FALSE,FALSE,FALSE,FALSE,FALSE,FALSE,758,NA
Beinn an Eoin,855m,NA,Isle of Bute,https://www.walkhighlands.co.uk/argyll/isle-of-bute.shtml,NA,NA,NA,NA,FALSE,FALSE,FALSE,FALSE,FALSE,FALSE,FALSE,FALSE,FALSE,FALSE,FALSE,FALSE,884,NA
Beinn an Lochain,901m,NA,Isle of Bute,https://www.walkhighlands.co.uk/argyll/isle-of-bute.shtml,NA,NA,NA,NA,FALSE,FALSE,FALSE,FALSE,FALSE,FALSE,FALSE,FALSE,FALSE,FALSE,FALSE,FALSE,2960,NA
Beinn an Òir,785m,NA,Isle of Bute,https://www.walkhighlands.co.uk/argyll/isle-of-bute.shtml,NA,NA,NA,NA,FALSE,FALSE,FALSE,FALSE,FALSE,FALSE,FALSE,FALSE,FALSE,FALSE,FALSE,FALSE,1104,NA
Beinn Bhan,896m,NA,Isle of Bute,https://www.walkhighlands.co.uk/argyll/isle-of-bute.shtml,NA,NA,NA,NA,FALSE,FALSE,FALSE,FALSE,FALSE,FALSE,FALSE,FALSE,FALSE,FALSE,FALSE,FALSE,1071,NA
Beinn Bhan (Great Glen),796m,NA,Isle of Bute,https://www.walkhighlands.co.uk/argyll/isle-of-bute.shtml,NA,NA,NA,NA,FALSE,FALSE,FALSE,FALSE,FALSE,FALSE,FALSE,FALSE,FALSE,FALSE,FALSE,FALSE,1094,NA
Beinn Bheula,779m,NA,Isle of Bute,https://www.walkhighlands.co.uk/argyll/isle-of-bute.shtml,NA,NA,NA,NA,FALSE,FALSE,FALSE,FALSE,FALSE,FALSE,FALSE,FALSE,FALSE,FALSE,FALSE,FALSE,1177,NA
Beinn Bhreac,912m,NA,Isle of Bute,https://www.walkhighlands.co.uk/argyll/isle-of-bute.shtml,NA,NA,NA,NA,FALSE,FALSE,FALSE,FALSE,FALSE,FALSE,FALSE,FALSE,FALSE,FALSE,FALSE,FALSE,761,NA
Beinn Bhreac-liath,802m,NA,Isle of Bute,https://www.walkhighlands.co.uk/argyll/isle-of-bute.shtml,NA,NA,NA,NA,FALSE,FALSE,FALSE,FALSE,FALSE,FALSE,FALSE,FALSE,FALSE,FALSE,FALSE,FALSE,1388,NA
Beinn Bhuidhe,855m,NA,Isle of Bute,https://www.walkhighlands.co.uk/argyll/isle-of-bute.shtml,NA,NA,NA,NA,FALSE,FALSE,FALSE,FALSE,FALSE,FALSE,FALSE,FALSE,FALSE,FALSE,FALSE,FALSE,613,NA
Beinn Chaorach,818m,NA,Isle of Bute,https://www.walkhighlands.co.uk/argyll/isle-of-bute.shtml,NA,NA,NA,NA,FALSE,FALSE,FALSE,FALSE,FALSE,FALSE,FALSE,FALSE,FALSE,FALSE,FALSE,FALSE,1294,NA
Beinn Chuirn,880m,NA,Isle of Bute,https://www.walkhighlands.co.uk/argyll/isle-of-bute.shtml,NA,NA,NA,NA,FALSE,FALSE,FALSE,FALSE,FALSE,FALSE,FALSE,FALSE,FALSE,FALSE,FALSE,FALSE,1310,NA
Beinn Dàmh,903m,NA,Isle of Bute,https://www.walkhighlands.co.uk/argyll/isle-of-bute.shtml,NA,NA,NA,NA,FALSE,FALSE,FALSE,FALSE,FALSE,FALSE,FALSE,FALSE,FALSE,FALSE,FALSE,FALSE,1815,NA
Beinn Dearg (Glen Lyon),830m,NA,Isle of Bute,https://www.walkhighlands.co.uk/argyll/isle-of-bute.shtml,NA,NA,NA,NA,FALSE,FALSE,FALSE,FALSE,FALSE,FALSE,FALSE,FALSE,FALSE,FALSE,FALSE,FALSE,1151,NA
Beinn Dearg (Torridon),914m,NA,Isle of Bute,https://www.walkhighlands.co.uk/argyll/isle-of-bute.shtml,NA,NA,NA,NA,FALSE,FALSE,FALSE,FALSE,FALSE,FALSE,FALSE,FALSE,FALSE,FALSE,FALSE,FALSE,914,NA
Beinn Dearg Bheag,820m,NA,Isle of Bute,https://www.walkhighlands.co.uk/argyll/isle-of-bute.shtml,NA,NA,NA,NA,FALSE,FALSE,FALSE,FALSE,FALSE,FALSE,FALSE,FALSE,FALSE,FALSE,FALSE,FALSE,581,NA
Beinn Dearg Mòr,906m,NA,Isle of Bute,https://www.walkhighlands.co.uk/argyll/isle-of-bute.shtml,NA,NA,NA,NA,FALSE,FALSE,FALSE,FALSE,FALSE,FALSE,FALSE,FALSE,FALSE,FALSE,FALSE,FALSE,645,NA
Beinn Dronaig,797m,NA,Isle of Bute,https://www.walkhighlands.co.uk/argyll/isle-of-bute.shtml,NA,NA,NA,NA,FALSE,FALSE,FALSE,FALSE,FALSE,FALSE,FALSE,FALSE,FALSE,FALSE,FALSE,FALSE,517,NA
Beinn Each,813m,NA,Isle of Bute,https://www.walkhighlands.co.uk/argyll/isle-of-bute.shtml,NA,NA,NA,NA,FALSE,FALSE,FALSE,FALSE,FALSE,FALSE,FALSE,FALSE,FALSE,FALSE,FALSE,FALSE,4062,NA
Beinn Enaiglair,890m,NA,Isle of Bute,https://www.walkhighlands.co.uk/argyll/isle-of-bute.shtml,NA,NA,NA,NA,FALSE,FALSE,FALSE,FALSE,FALSE,FALSE,FALSE,FALSE,FALSE,FALSE,FALSE,FALSE,1203,NA
Beinn Iaruinn,803m,NA,Isle of Bute,https://www.walkhighlands.co.uk/argyll/isle-of-bute.shtml,NA,NA,NA,NA,FALSE,FALSE,FALSE,FALSE,FALSE,FALSE,FALSE,FALSE,FALSE,FALSE,FALSE,FALSE,845,NA
Beinn Lair,859m,NA,Isle of Bute,https://www.walkhighlands.co.uk/argyll/isle-of-bute.shtml,NA,NA,NA,NA,FALSE,FALSE,FALSE,FALSE,FALSE,FALSE,FALSE,FALSE,FALSE,FALSE,FALSE,FALSE,533,NA
Beinn Leoìd,792m,NA,Isle of Bute,https://www.walkhighlands.co.uk/argyll/isle-of-bute.shtml,NA,NA,NA,NA,FALSE,FALSE,FALSE,FALSE,FALSE,FALSE,FALSE,FALSE,FALSE,FALSE,FALSE,FALSE,668,NA
Beinn Liath Mhòr a' Ghiubhais Li,768m,NA,Isle of Bute,https://www.walkhighlands.co.uk/argyll/isle-of-bute.shtml,NA,NA,NA,NA,FALSE,FALSE,FALSE,FALSE,FALSE,FALSE,FALSE,FALSE,FALSE,FALSE,FALSE,FALSE,1116,NA
Beinn Loinne,790m,NA,Isle of Bute,https://www.walkhighlands.co.uk/argyll/isle-of-bute.shtml,NA,NA,NA,NA,FALSE,FALSE,FALSE,FALSE,FALSE,FALSE,FALSE,FALSE,FALSE,FALSE,FALSE,FALSE,723,NA
Beinn Luibhean,858m,NA,Isle of Bute,https://www.walkhighlands.co.uk/argyll/isle-of-bute.shtml,NA,NA,NA,NA,FALSE,FALSE,FALSE,FALSE,FALSE,FALSE,FALSE,FALSE,FALSE,FALSE,FALSE,FALSE,1898,NA
Beinn Maol Chaluim,907m,NA,Isle of Bute,https://www.walkhighlands.co.uk/argyll/isle-of-bute.shtml,NA,NA,NA,NA,FALSE,FALSE,FALSE,FALSE,FALSE,FALSE,FALSE,FALSE,FALSE,FALSE,FALSE,FALSE,792,NA
Beinn Mheadhonach,901m,NA,Isle of Bute,https://www.walkhighlands.co.uk/argyll/isle-of-bute.shtml,NA,NA,NA,NA,FALSE,FALSE,FALSE,FALSE,FALSE,FALSE,FALSE,FALSE,FALSE,FALSE,FALSE,FALSE,1249,NA
Beinn Mhic Cedidh,783m,NA,Isle of Bute,https://www.walkhighlands.co.uk/argyll/isle-of-bute.shtml,NA,NA,NA,NA,FALSE,FALSE,FALSE,FALSE,FALSE,FALSE,FALSE,FALSE,FALSE,FALSE,FALSE,FALSE,702,NA
Beinn Mhic Chasgaig,864m,NA,Isle of Bute,https://www.walkhighlands.co.uk/argyll/isle-of-bute.shtml,NA,NA,NA,NA,FALSE,FALSE,FALSE,FALSE,FALSE,FALSE,FALSE,FALSE,FALSE,FALSE,FALSE,FALSE,798,NA
Beinn Mhic-Mhonaidh,796m,NA,Isle of Bute,https://www.walkhighlands.co.uk/argyll/isle-of-bute.shtml,NA,NA,NA,NA,FALSE,FALSE,FALSE,FALSE,FALSE,FALSE,FALSE,FALSE,FALSE,FALSE,FALSE,FALSE,1090,NA
Beinn Mholach,841m,NA,Isle of Bute,https://www.walkhighlands.co.uk/argyll/isle-of-bute.shtml,NA,NA,NA,NA,FALSE,FALSE,FALSE,FALSE,FALSE,FALSE,FALSE,FALSE,FALSE,FALSE,FALSE,FALSE,855,NA
Beinn na Caillich,785m,NA,Isle of Bute,https://www.walkhighlands.co.uk/argyll/isle-of-bute.shtml,NA,NA,NA,NA,FALSE,FALSE,FALSE,FALSE,FALSE,FALSE,FALSE,FALSE,FALSE,FALSE,FALSE,FALSE,573,NA
Beinn na h-Eaglaise,805m,NA,Isle of Bute,https://www.walkhighlands.co.uk/argyll/isle-of-bute.shtml,NA,NA,NA,NA,FALSE,FALSE,FALSE,FALSE,FALSE,FALSE,FALSE,FALSE,FALSE,FALSE,FALSE,FALSE,694,NA
Beinn na h-Uamha,762m,NA,Isle of Bute,https://www.walkhighlands.co.uk/argyll/isle-of-bute.shtml,NA,NA,NA,NA,FALSE,FALSE,FALSE,FALSE,FALSE,FALSE,FALSE,FALSE,FALSE,FALSE,FALSE,FALSE,531,NA
Beinn nam Fuaran,806m,NA,Isle of Bute,https://www.walkhighlands.co.uk/argyll/isle-of-bute.shtml,NA,NA,NA,NA,FALSE,FALSE,FALSE,FALSE,FALSE,FALSE,FALSE,FALSE,FALSE,FALSE,FALSE,FALSE,968,NA
Beinn nan Caorach,774m,NA,Isle of Bute,https://www.walkhighlands.co.uk/argyll/isle-of-bute.shtml,NA,NA,NA,NA,FALSE,FALSE,FALSE,FALSE,FALSE,FALSE,FALSE,FALSE,FALSE,FALSE,FALSE,FALSE,666,NA
Beinn nan Imirean,849m,NA,Isle of Bute,https://www.walkhighlands.co.uk/argyll/isle-of-bute.shtml,NA,NA,NA,NA,FALSE,FALSE,FALSE,FALSE,FALSE,FALSE,FALSE,FALSE,FALSE,FALSE,FALSE,FALSE,1120,NA
Beinn nan Oighreag,909m,NA,Isle of Bute,https://www.walkhighlands.co.uk/argyll/isle-of-bute.shtml,NA,NA,NA,NA,FALSE,FALSE,FALSE,FALSE,FALSE,FALSE,FALSE,FALSE,FALSE,FALSE,FALSE,FALSE,1234,NA
Beinn Odhar,901m,NA,Isle of Bute,https://www.walkhighlands.co.uk/argyll/isle-of-bute.shtml,NA,NA,NA,NA,FALSE,FALSE,FALSE,FALSE,FALSE,FALSE,FALSE,FALSE,FALSE,FALSE,FALSE,FALSE,1584,NA
Beinn Odhar Bheag,882m,NA,Isle of Bute,https://www.walkhighlands.co.uk/argyll/isle-of-bute.shtml,NA,NA,NA,NA,FALSE,FALSE,FALSE,FALSE,FALSE,FALSE,FALSE,FALSE,FALSE,FALSE,FALSE,FALSE,731,NA
Beinn Pharlagain,868m,NA,Isle of Bute,https://www.walkhighlands.co.uk/argyll/isle-of-bute.shtml,NA,NA,NA,NA,FALSE,FALSE,FALSE,FALSE,FALSE,FALSE,FALSE,FALSE,FALSE,FALSE,FALSE,FALSE,1077,NA
Beinn Resipol,845m,NA,Isle of Bute,https://www.walkhighlands.co.uk/argyll/isle-of-bute.shtml,NA,NA,NA,NA,FALSE,FALSE,FALSE,FALSE,FALSE,FALSE,FALSE,FALSE,FALSE,FALSE,FALSE,FALSE,1195,NA
Beinn Spionnaidh,773m,NA,Isle of Bute,https://www.walkhighlands.co.uk/argyll/isle-of-bute.shtml,NA,NA,NA,NA,FALSE,FALSE,FALSE,FALSE,FALSE,FALSE,FALSE,FALSE,FALSE,FALSE,FALSE,FALSE,916,NA
Beinn Stacath,771m,NA,Isle of Bute,https://www.walkhighlands.co.uk/argyll/isle-of-bute.shtml,NA,NA,NA,NA,FALSE,FALSE,FALSE,FALSE,FALSE,FALSE,FALSE,FALSE,FALSE,FALSE,FALSE,FALSE,1137,NA
Beinn Tarsuinn,826m,NA,Isle of Bute,https://www.walkhighlands.co.uk/argyll/isle-of-bute.shtml,NA,NA,NA,NA,FALSE,FALSE,FALSE,FALSE,FALSE,FALSE,FALSE,FALSE,FALSE,FALSE,FALSE,FALSE,1959,NA
Beinn Tharsuinn,863m,NA,Isle of Bute,https://www.walkhighlands.co.uk/argyll/isle-of-bute.shtml,NA,NA,NA,NA,FALSE,FALSE,FALSE,FALSE,FALSE,FALSE,FALSE,FALSE,FALSE,FALSE,FALSE,FALSE,1080,NA
Beinn Trilleachan,839m,NA,Isle of Bute,https://www.walkhighlands.co.uk/argyll/isle-of-bute.shtml,NA,NA,NA,NA,FALSE,FALSE,FALSE,FALSE,FALSE,FALSE,FALSE,FALSE,FALSE,FALSE,FALSE,FALSE,838,NA
Beinn Udlaidh,840m,NA,Isle of Bute,https://www.walkhighlands.co.uk/argyll/isle-of-bute.shtml,NA,NA,NA,NA,FALSE,FALSE,FALSE,FALSE,FALSE,FALSE,FALSE,FALSE,FALSE,FALSE,FALSE,FALSE,1493,NA
Ben Aden (Beinn an Aodainn),887m,NA,Isle of Bute,https://www.walkhighlands.co.uk/argyll/isle-of-bute.shtml,NA,NA,NA,NA,FALSE,FALSE,FALSE,FALSE,FALSE,FALSE,FALSE,FALSE,FALSE,FALSE,FALSE,FALSE,460,NA
Ben Donich,847m,NA,Isle of Bute,https://www.walkhighlands.co.uk/argyll/isle-of-bute.shtml,NA,NA,NA,NA,FALSE,FALSE,FALSE,FALSE,FALSE,FALSE,FALSE,FALSE,FALSE,FALSE,FALSE,FALSE,3505,NA
Ben Gulabin,806m,NA,Isle of Bute,https://www.walkhighlands.co.uk/argyll/isle-of-bute.shtml,NA,NA,NA,NA,FALSE,FALSE,FALSE,FALSE,FALSE,FALSE,FALSE,FALSE,FALSE,FALSE,FALSE,FALSE,2172,NA
Ben Hee,873m,NA,Isle of Bute,https://www.walkhighlands.co.uk/argyll/isle-of-bute.shtml,NA,NA,NA,NA,FALSE,FALSE,FALSE,FALSE,FALSE,FALSE,FALSE,FALSE,FALSE,FALSE,FALSE,FALSE,776,NA
Ben Ledi,879m,NA,Isle of Bute,https://www.walkhighlands.co.uk/argyll/isle-of-bute.shtml,NA,NA,NA,NA,FALSE,FALSE,FALSE,FALSE,FALSE,FALSE,FALSE,FALSE,FALSE,FALSE,FALSE,FALSE,9294,NA
Ben Loyal,764m,NA,Isle of Bute,https://www.walkhighlands.co.uk/argyll/isle-of-bute.shtml,NA,NA,NA,NA,FALSE,FALSE,FALSE,FALSE,FALSE,FALSE,FALSE,FALSE,FALSE,FALSE,FALSE,FALSE,1547,NA
Ben Rinnes,840m,NA,Isle of Bute,https://www.walkhighlands.co.uk/argyll/isle-of-bute.shtml,NA,NA,NA,NA,FALSE,FALSE,FALSE,FALSE,FALSE,FALSE,FALSE,FALSE,FALSE,FALSE,FALSE,FALSE,4345,NA
Ben Tee,904m,NA,Isle of Bute,https://www.walkhighlands.co.uk/argyll/isle-of-bute.shtml,NA,NA,NA,NA,FALSE,FALSE,FALSE,FALSE,FALSE,FALSE,FALSE,FALSE,FALSE,FALSE,FALSE,FALSE,1146,NA
Ben Tirran,896m,NA,Isle of Bute,https://www.walkhighlands.co.uk/argyll/isle-of-bute.shtml,NA,NA,NA,NA,FALSE,FALSE,FALSE,FALSE,FALSE,FALSE,FALSE,FALSE,FALSE,FALSE,FALSE,FALSE,2274,NA
Ben Vrackie,841m,NA,Isle of Bute,https://www.walkhighlands.co.uk/argyll/isle-of-bute.shtml,NA,NA,NA,NA,FALSE,FALSE,FALSE,FALSE,FALSE,FALSE,FALSE,FALSE,FALSE,FALSE,FALSE,FALSE,7657,NA
Ben Vuirich,903m,NA,Isle of Bute,https://www.walkhighlands.co.uk/argyll/isle-of-bute.shtml,NA,NA,NA,NA,FALSE,FALSE,FALSE,FALSE,FALSE,FALSE,FALSE,FALSE,FALSE,FALSE,FALSE,FALSE,1037,NA
Benvane,821m,NA,Isle of Bute,https://www.walkhighlands.co.uk/argyll/isle-of-bute.shtml,NA,NA,NA,NA,FALSE,FALSE,FALSE,FALSE,FALSE,FALSE,FALSE,FALSE,FALSE,FALSE,FALSE,FALSE,2874,NA
Bidein a' Chabair,867m,NA,Isle of Bute,https://www.walkhighlands.co.uk/argyll/isle-of-bute.shtml,NA,NA,NA,NA,FALSE,FALSE,FALSE,FALSE,FALSE,FALSE,FALSE,FALSE,FALSE,FALSE,FALSE,FALSE,432,NA
Binnein an Fhìdhleir (or Stob Coire Creagach),817m,NA,Isle of Bute,https://www.walkhighlands.co.uk/argyll/isle-of-bute.shtml,NA,NA,NA,NA,FALSE,FALSE,FALSE,FALSE,FALSE,FALSE,FALSE,FALSE,FALSE,FALSE,FALSE,FALSE,1500,NA
Braigh nan Uamhachan,765m,NA,Isle of Bute,https://www.walkhighlands.co.uk/argyll/isle-of-bute.shtml,NA,NA,NA,NA,FALSE,FALSE,FALSE,FALSE,FALSE,FALSE,FALSE,FALSE,FALSE,FALSE,FALSE,FALSE,674,NA
Breabag,815m,NA,Isle of Bute,https://www.walkhighlands.co.uk/argyll/isle-of-bute.shtml,NA,NA,NA,NA,FALSE,FALSE,FALSE,FALSE,FALSE,FALSE,FALSE,FALSE,FALSE,FALSE,FALSE,FALSE,960,NA
Broad Law,840m,NA,Isle of Bute,https://www.walkhighlands.co.uk/argyll/isle-of-bute.shtml,NA,NA,NA,NA,FALSE,FALSE,FALSE,FALSE,FALSE,FALSE,FALSE,FALSE,FALSE,FALSE,FALSE,FALSE,2472,NA
Brown Cow Hill,829m,NA,Isle of Bute,https://www.walkhighlands.co.uk/argyll/isle-of-bute.shtml,NA,NA,NA,NA,FALSE,FALSE,FALSE,FALSE,FALSE,FALSE,FALSE,FALSE,FALSE,FALSE,FALSE,FALSE,1309,NA
Buidhe Bheinn,885m,NA,Isle of Bute,https://www.walkhighlands.co.uk/argyll/isle-of-bute.shtml,NA,NA,NA,NA,FALSE,FALSE,FALSE,FALSE,FALSE,FALSE,FALSE,FALSE,FALSE,FALSE,FALSE,FALSE,537,NA
Cairnsmore of Carsphairn,797m,NA,Isle of Bute,https://www.walkhighlands.co.uk/argyll/isle-of-bute.shtml,NA,NA,NA,NA,FALSE,FALSE,FALSE,FALSE,FALSE,FALSE,FALSE,FALSE,FALSE,FALSE,FALSE,FALSE,1917,NA
Caisteal Abhail,859m,NA,Isle of Bute,https://www.walkhighlands.co.uk/argyll/isle-of-bute.shtml,NA,NA,NA,NA,FALSE,FALSE,FALSE,FALSE,FALSE,FALSE,FALSE,FALSE,FALSE,FALSE,FALSE,FALSE,1896,NA
Cam Chreag (Auch),884m,NA,Isle of Bute,https://www.walkhighlands.co.uk/argyll/isle-of-bute.shtml,NA,NA,NA,NA,FALSE,FALSE,FALSE,FALSE,FALSE,FALSE,FALSE,FALSE,FALSE,FALSE,FALSE,FALSE,1242,NA
Cam Chreag (Glen Lyon),862m,NA,Isle of Bute,https://www.walkhighlands.co.uk/argyll/isle-of-bute.shtml,NA,NA,NA,NA,FALSE,FALSE,FALSE,FALSE,FALSE,FALSE,FALSE,FALSE,FALSE,FALSE,FALSE,FALSE,1115,NA
Canisp,847m,NA,Isle of Bute,https://www.walkhighlands.co.uk/argyll/isle-of-bute.shtml,NA,NA,NA,NA,FALSE,FALSE,FALSE,FALSE,FALSE,FALSE,FALSE,FALSE,FALSE,FALSE,FALSE,FALSE,1751,NA
Càrn a' Choire Ghairbh,865m,NA,Isle of Bute,https://www.walkhighlands.co.uk/argyll/isle-of-bute.shtml,NA,NA,NA,NA,FALSE,FALSE,FALSE,FALSE,FALSE,FALSE,FALSE,FALSE,FALSE,FALSE,FALSE,FALSE,661,NA
Càrn a' Chuilinn,816m,NA,Isle of Bute,https://www.walkhighlands.co.uk/argyll/isle-of-bute.shtml,NA,NA,NA,NA,FALSE,FALSE,FALSE,FALSE,FALSE,FALSE,FALSE,FALSE,FALSE,FALSE,FALSE,FALSE,738,NA
Càrn an Fhreiceadain,878m,NA,Isle of Bute,https://www.walkhighlands.co.uk/argyll/isle-of-bute.shtml,NA,NA,NA,NA,FALSE,FALSE,FALSE,FALSE,FALSE,FALSE,FALSE,FALSE,FALSE,FALSE,FALSE,FALSE,1712,NA
Càrn Bàn,842m,NA,Isle of Bute,https://www.walkhighlands.co.uk/argyll/isle-of-bute.shtml,NA,NA,NA,NA,FALSE,FALSE,FALSE,FALSE,FALSE,FALSE,FALSE,FALSE,FALSE,FALSE,FALSE,FALSE,571,NA
Càrn Chuinneag,839m,NA,Isle of Bute,https://www.walkhighlands.co.uk/argyll/isle-of-bute.shtml,NA,NA,NA,NA,FALSE,FALSE,FALSE,FALSE,FALSE,FALSE,FALSE,FALSE,FALSE,FALSE,FALSE,FALSE,917,NA
Càrn Dearg (North of Gleann Eachach),815m,NA,Isle of Bute,https://www.walkhighlands.co.uk/argyll/isle-of-bute.shtml,NA,NA,NA,NA,FALSE,FALSE,FALSE,FALSE,FALSE,FALSE,FALSE,FALSE,FALSE,FALSE,FALSE,FALSE,845,NA
Càrn Dearg (South of Gleann Eachach),768m,NA,Isle of Bute,https://www.walkhighlands.co.uk/argyll/isle-of-bute.shtml,NA,NA,NA,NA,FALSE,FALSE,FALSE,FALSE,FALSE,FALSE,FALSE,FALSE,FALSE,FALSE,FALSE,FALSE,838,NA
Càrn Dearg - Glen Roy,834m,NA,Isle of Bute,https://www.walkhighlands.co.uk/argyll/isle-of-bute.shtml,NA,NA,NA,NA,FALSE,FALSE,FALSE,FALSE,FALSE,FALSE,FALSE,FALSE,FALSE,FALSE,FALSE,FALSE,783,NA
Càrn Dearg Mòr,857m,NA,Isle of Bute,https://www.walkhighlands.co.uk/argyll/isle-of-bute.shtml,NA,NA,NA,NA,FALSE,FALSE,FALSE,FALSE,FALSE,FALSE,FALSE,FALSE,FALSE,FALSE,FALSE,FALSE,937,NA
Càrn Ealasaid,792m,NA,Isle of Bute,https://www.walkhighlands.co.uk/argyll/isle-of-bute.shtml,NA,NA,NA,NA,FALSE,FALSE,FALSE,FALSE,FALSE,FALSE,FALSE,FALSE,FALSE,FALSE,FALSE,FALSE,1377,NA
Càrn Mòr (Glen Dessarry),829m,NA,Isle of Bute,https://www.walkhighlands.co.uk/argyll/isle-of-bute.shtml,NA,NA,NA,NA,FALSE,FALSE,FALSE,FALSE,FALSE,FALSE,FALSE,FALSE,FALSE,FALSE,FALSE,FALSE,461,NA
Càrn Mòr (Ladder Hills),804m,NA,Isle of Bute,https://www.walkhighlands.co.uk/argyll/isle-of-bute.shtml,NA,NA,NA,NA,FALSE,FALSE,FALSE,FALSE,FALSE,FALSE,FALSE,FALSE,FALSE,FALSE,FALSE,FALSE,1390,NA
Càrn na Drochaide,818m,NA,Isle of Bute,https://www.walkhighlands.co.uk/argyll/isle-of-bute.shtml,NA,NA,NA,NA,FALSE,FALSE,FALSE,FALSE,FALSE,FALSE,FALSE,FALSE,FALSE,FALSE,FALSE,FALSE,1556,NA
Càrn na Nathrach,786m,NA,Isle of Bute,https://www.walkhighlands.co.uk/argyll/isle-of-bute.shtml,NA,NA,NA,NA,FALSE,FALSE,FALSE,FALSE,FALSE,FALSE,FALSE,FALSE,FALSE,FALSE,FALSE,FALSE,536,NA
Càrn na Saobhaidhe,811m,NA,Isle of Bute,https://www.walkhighlands.co.uk/argyll/isle-of-bute.shtml,NA,NA,NA,NA,FALSE,FALSE,FALSE,FALSE,FALSE,FALSE,FALSE,FALSE,FALSE,FALSE,FALSE,FALSE,711,NA
Cìr Mhòr,799m,NA,Isle of Bute,https://www.walkhighlands.co.uk/argyll/isle-of-bute.shtml,NA,NA,NA,NA,FALSE,FALSE,FALSE,FALSE,FALSE,FALSE,FALSE,FALSE,FALSE,FALSE,FALSE,FALSE,2121,NA
Clisham,799m,NA,Isle of Bute,https://www.walkhighlands.co.uk/argyll/isle-of-bute.shtml,NA,NA,NA,NA,FALSE,FALSE,FALSE,FALSE,FALSE,FALSE,FALSE,FALSE,FALSE,FALSE,FALSE,FALSE,1880,NA
Cnoc Coinnich,764m,NA,Isle of Bute,https://www.walkhighlands.co.uk/argyll/isle-of-bute.shtml,NA,NA,NA,NA,FALSE,FALSE,FALSE,FALSE,FALSE,FALSE,FALSE,FALSE,FALSE,FALSE,FALSE,FALSE,1613,NA
Conachcraig,865m,NA,Isle of Bute,https://www.walkhighlands.co.uk/argyll/isle-of-bute.shtml,NA,NA,NA,NA,FALSE,FALSE,FALSE,FALSE,FALSE,FALSE,FALSE,FALSE,FALSE,FALSE,FALSE,FALSE,1861,NA
Corryhabbie Hill,781m,NA,Isle of Bute,https://www.walkhighlands.co.uk/argyll/isle-of-bute.shtml,NA,NA,NA,NA,FALSE,FALSE,FALSE,FALSE,FALSE,FALSE,FALSE,FALSE,FALSE,FALSE,FALSE,FALSE,1535,NA
Corserine,814m,NA,Isle of Bute,https://www.walkhighlands.co.uk/argyll/isle-of-bute.shtml,NA,NA,NA,NA,FALSE,FALSE,FALSE,FALSE,FALSE,FALSE,FALSE,FALSE,FALSE,FALSE,FALSE,FALSE,1846,NA
Cranstackie,801m,NA,Isle of Bute,https://www.walkhighlands.co.uk/argyll/isle-of-bute.shtml,NA,NA,NA,NA,FALSE,FALSE,FALSE,FALSE,FALSE,FALSE,FALSE,FALSE,FALSE,FALSE,FALSE,FALSE,941,NA
Creach Bheinn (Loch Creran),810m,NA,Isle of Bute,https://www.walkhighlands.co.uk/argyll/isle-of-bute.shtml,NA,NA,NA,NA,FALSE,FALSE,FALSE,FALSE,FALSE,FALSE,FALSE,FALSE,FALSE,FALSE,FALSE,FALSE,895,NA
Creach Bheinn (Morvern),853m,NA,Isle of Bute,https://www.walkhighlands.co.uk/argyll/isle-of-bute.shtml,NA,NA,NA,NA,FALSE,FALSE,FALSE,FALSE,FALSE,FALSE,FALSE,FALSE,FALSE,FALSE,FALSE,FALSE,735,NA
Creag an Dail Bheag,863m,NA,Isle of Bute,https://www.walkhighlands.co.uk/argyll/isle-of-bute.shtml,NA,NA,NA,NA,FALSE,FALSE,FALSE,FALSE,FALSE,FALSE,FALSE,FALSE,FALSE,FALSE,FALSE,FALSE,1267,NA
Creag Mac Ranaich,809m,NA,Isle of Bute,https://www.walkhighlands.co.uk/argyll/isle-of-bute.shtml,NA,NA,NA,NA,FALSE,FALSE,FALSE,FALSE,FALSE,FALSE,FALSE,FALSE,FALSE,FALSE,FALSE,FALSE,1805,NA
Creag Mhòr,895m,NA,Isle of Bute,https://www.walkhighlands.co.uk/argyll/isle-of-bute.shtml,NA,NA,NA,NA,FALSE,FALSE,FALSE,FALSE,FALSE,FALSE,FALSE,FALSE,FALSE,FALSE,FALSE,FALSE,1076,NA
Creag nan Gabhar,834m,NA,Isle of Bute,https://www.walkhighlands.co.uk/argyll/isle-of-bute.shtml,NA,NA,NA,NA,FALSE,FALSE,FALSE,FALSE,FALSE,FALSE,FALSE,FALSE,FALSE,FALSE,FALSE,FALSE,2064,NA
Creag Rainich,807m,NA,Isle of Bute,https://www.walkhighlands.co.uk/argyll/isle-of-bute.shtml,NA,NA,NA,NA,FALSE,FALSE,FALSE,FALSE,FALSE,FALSE,FALSE,FALSE,FALSE,FALSE,FALSE,FALSE,776,NA
Creag Uchdag,879m,NA,Isle of Bute,https://www.walkhighlands.co.uk/argyll/isle-of-bute.shtml,NA,NA,NA,NA,FALSE,FALSE,FALSE,FALSE,FALSE,FALSE,FALSE,FALSE,FALSE,FALSE,FALSE,FALSE,1205,NA
Creagan na Beinne,888m,NA,Isle of Bute,https://www.walkhighlands.co.uk/argyll/isle-of-bute.shtml,NA,NA,NA,NA,FALSE,FALSE,FALSE,FALSE,FALSE,FALSE,FALSE,FALSE,FALSE,FALSE,FALSE,FALSE,1102,NA
Cruach Innse,857m,NA,Isle of Bute,https://www.walkhighlands.co.uk/argyll/isle-of-bute.shtml,NA,NA,NA,NA,FALSE,FALSE,FALSE,FALSE,FALSE,FALSE,FALSE,FALSE,FALSE,FALSE,FALSE,FALSE,1119,NA
Cùl Beag,769m,NA,Isle of Bute,https://www.walkhighlands.co.uk/argyll/isle-of-bute.shtml,NA,NA,NA,NA,FALSE,FALSE,FALSE,FALSE,FALSE,FALSE,FALSE,FALSE,FALSE,FALSE,FALSE,FALSE,1657,NA
Cùl Mòr,849m,NA,Isle of Bute,https://www.walkhighlands.co.uk/argyll/isle-of-bute.shtml,NA,NA,NA,NA,FALSE,FALSE,FALSE,FALSE,FALSE,FALSE,FALSE,FALSE,FALSE,FALSE,FALSE,FALSE,2388,NA
Culardoch,900m,NA,Isle of Bute,https://www.walkhighlands.co.uk/argyll/isle-of-bute.shtml,NA,NA,NA,NA,FALSE,FALSE,FALSE,FALSE,FALSE,FALSE,FALSE,FALSE,FALSE,FALSE,FALSE,FALSE,1394,NA
Druim Tarsuinn,770m,NA,Isle of Bute,https://www.walkhighlands.co.uk/argyll/isle-of-bute.shtml,NA,NA,NA,NA,FALSE,FALSE,FALSE,FALSE,FALSE,FALSE,FALSE,FALSE,FALSE,FALSE,FALSE,FALSE,559,NA
Dùn da Ghaoithe,766m,NA,Isle of Bute,https://www.walkhighlands.co.uk/argyll/isle-of-bute.shtml,NA,NA,NA,NA,FALSE,FALSE,FALSE,FALSE,FALSE,FALSE,FALSE,FALSE,FALSE,FALSE,FALSE,FALSE,1077,NA
Faochaig,868m,NA,Isle of Bute,https://www.walkhighlands.co.uk/argyll/isle-of-bute.shtml,NA,NA,NA,NA,FALSE,FALSE,FALSE,FALSE,FALSE,FALSE,FALSE,FALSE,FALSE,FALSE,FALSE,FALSE,544,NA
Farragon Hill,783m,NA,Isle of Bute,https://www.walkhighlands.co.uk/argyll/isle-of-bute.shtml,NA,NA,NA,NA,FALSE,FALSE,FALSE,FALSE,FALSE,FALSE,FALSE,FALSE,FALSE,FALSE,FALSE,FALSE,1394,NA
Foinaven,911m,NA,Isle of Bute,https://www.walkhighlands.co.uk/argyll/isle-of-bute.shtml,NA,NA,NA,NA,FALSE,FALSE,FALSE,FALSE,FALSE,FALSE,FALSE,FALSE,FALSE,FALSE,FALSE,FALSE,1102,NA
Fraoch Bheinn,858m,NA,Isle of Bute,https://www.walkhighlands.co.uk/argyll/isle-of-bute.shtml,NA,NA,NA,NA,FALSE,FALSE,FALSE,FALSE,FALSE,FALSE,FALSE,FALSE,FALSE,FALSE,FALSE,FALSE,614,NA
Fraochaidh,879m,NA,Isle of Bute,https://www.walkhighlands.co.uk/argyll/isle-of-bute.shtml,NA,NA,NA,NA,FALSE,FALSE,FALSE,FALSE,FALSE,FALSE,FALSE,FALSE,FALSE,FALSE,FALSE,FALSE,768,NA
Fuar Bheinn,766m,NA,Isle of Bute,https://www.walkhighlands.co.uk/argyll/isle-of-bute.shtml,NA,NA,NA,NA,FALSE,FALSE,FALSE,FALSE,FALSE,FALSE,FALSE,FALSE,FALSE,FALSE,FALSE,FALSE,740,NA
Fuar Tholl,907m,NA,Isle of Bute,https://www.walkhighlands.co.uk/argyll/isle-of-bute.shtml,NA,NA,NA,NA,FALSE,FALSE,FALSE,FALSE,FALSE,FALSE,FALSE,FALSE,FALSE,FALSE,FALSE,FALSE,1308,NA
Gairbeinn,896m,NA,Isle of Bute,https://www.walkhighlands.co.uk/argyll/isle-of-bute.shtml,NA,NA,NA,NA,FALSE,FALSE,FALSE,FALSE,FALSE,FALSE,FALSE,FALSE,FALSE,FALSE,FALSE,FALSE,830,NA
Garbh Bheinn (Ardgour),885m,NA,Isle of Bute,https://www.walkhighlands.co.uk/argyll/isle-of-bute.shtml,NA,NA,NA,NA,FALSE,FALSE,FALSE,FALSE,FALSE,FALSE,FALSE,FALSE,FALSE,FALSE,FALSE,FALSE,1284,NA
Garbh Bheinn (Loch Leven),867m,NA,Isle of Bute,https://www.walkhighlands.co.uk/argyll/isle-of-bute.shtml,NA,NA,NA,NA,FALSE,FALSE,FALSE,FALSE,FALSE,FALSE,FALSE,FALSE,FALSE,FALSE,FALSE,FALSE,1219,NA
Garbh-bheinn (Skye),808m,NA,Isle of Bute,https://www.walkhighlands.co.uk/argyll/isle-of-bute.shtml,NA,NA,NA,NA,FALSE,FALSE,FALSE,FALSE,FALSE,FALSE,FALSE,FALSE,FALSE,FALSE,FALSE,FALSE,1061,NA
Geal Charn (Arkaig),804m,NA,Isle of Bute,https://www.walkhighlands.co.uk/argyll/isle-of-bute.shtml,NA,NA,NA,NA,FALSE,FALSE,FALSE,FALSE,FALSE,FALSE,FALSE,FALSE,FALSE,FALSE,FALSE,FALSE,760,NA
Geal Charn (Dorback),821m,NA,Isle of Bute,https://www.walkhighlands.co.uk/argyll/isle-of-bute.shtml,NA,NA,NA,NA,FALSE,FALSE,FALSE,FALSE,FALSE,FALSE,FALSE,FALSE,FALSE,FALSE,FALSE,FALSE,1171,NA
Geal-charn Mòr,824m,NA,Isle of Bute,https://www.walkhighlands.co.uk/argyll/isle-of-bute.shtml,NA,NA,NA,NA,FALSE,FALSE,FALSE,FALSE,FALSE,FALSE,FALSE,FALSE,FALSE,FALSE,FALSE,FALSE,2395,NA
Glamaig,775m,NA,Isle of Bute,https://www.walkhighlands.co.uk/argyll/isle-of-bute.shtml,NA,NA,NA,NA,FALSE,FALSE,FALSE,FALSE,FALSE,FALSE,FALSE,FALSE,FALSE,FALSE,FALSE,FALSE,1332,NA
Glas Bheinn (Assynt),776m,NA,Isle of Bute,https://www.walkhighlands.co.uk/argyll/isle-of-bute.shtml,NA,NA,NA,NA,FALSE,FALSE,FALSE,FALSE,FALSE,FALSE,FALSE,FALSE,FALSE,FALSE,FALSE,FALSE,1099,NA
Glas Bheinn (Kinlochleven),792m,NA,Isle of Bute,https://www.walkhighlands.co.uk/argyll/isle-of-bute.shtml,NA,NA,NA,NA,FALSE,FALSE,FALSE,FALSE,FALSE,FALSE,FALSE,FALSE,FALSE,FALSE,FALSE,FALSE,761,NA
Goat Fell,874m,NA,Isle of Bute,https://www.walkhighlands.co.uk/argyll/isle-of-bute.shtml,NA,NA,NA,NA,FALSE,FALSE,FALSE,FALSE,FALSE,FALSE,FALSE,FALSE,FALSE,FALSE,FALSE,FALSE,7194,NA
Hart Fell,808m,NA,Isle of Bute,https://www.walkhighlands.co.uk/argyll/isle-of-bute.shtml,NA,NA,NA,NA,FALSE,FALSE,FALSE,FALSE,FALSE,FALSE,FALSE,FALSE,FALSE,FALSE,FALSE,FALSE,2546,NA
Leathad an Taobhain,912m,NA,Isle of Bute,https://www.walkhighlands.co.uk/argyll/isle-of-bute.shtml,NA,NA,NA,NA,FALSE,FALSE,FALSE,FALSE,FALSE,FALSE,FALSE,FALSE,FALSE,FALSE,FALSE,FALSE,847,NA
Leum Uilleim,909m,NA,Isle of Bute,https://www.walkhighlands.co.uk/argyll/isle-of-bute.shtml,NA,NA,NA,NA,FALSE,FALSE,FALSE,FALSE,FALSE,FALSE,FALSE,FALSE,FALSE,FALSE,FALSE,FALSE,1184,NA
Little Wyvis,764m,NA,Isle of Bute,https://www.walkhighlands.co.uk/argyll/isle-of-bute.shtml,NA,NA,NA,NA,FALSE,FALSE,FALSE,FALSE,FALSE,FALSE,FALSE,FALSE,FALSE,FALSE,FALSE,FALSE,1934,NA
Mam na Gualainn,796m,NA,Isle of Bute,https://www.walkhighlands.co.uk/argyll/isle-of-bute.shtml,NA,NA,NA,NA,FALSE,FALSE,FALSE,FALSE,FALSE,FALSE,FALSE,FALSE,FALSE,FALSE,FALSE,FALSE,1308,NA
Maol Creag an Loch (A' Chaoirnich),875m,NA,Isle of Bute,https://www.walkhighlands.co.uk/argyll/isle-of-bute.shtml,NA,NA,NA,NA,FALSE,FALSE,FALSE,FALSE,FALSE,FALSE,FALSE,FALSE,FALSE,FALSE,FALSE,FALSE,795,NA
Meall a' Bhuachaille,810m,NA,Isle of Bute,https://www.walkhighlands.co.uk/argyll/isle-of-bute.shtml,NA,NA,NA,NA,FALSE,FALSE,FALSE,FALSE,FALSE,FALSE,FALSE,FALSE,FALSE,FALSE,FALSE,FALSE,5763,NA
Meall a' Ghiubhais,887m,NA,Isle of Bute,https://www.walkhighlands.co.uk/argyll/isle-of-bute.shtml,NA,NA,NA,NA,FALSE,FALSE,FALSE,FALSE,FALSE,FALSE,FALSE,FALSE,FALSE,FALSE,FALSE,FALSE,1373,NA
Meall a' Phùbuill,774m,NA,Isle of Bute,https://www.walkhighlands.co.uk/argyll/isle-of-bute.shtml,NA,NA,NA,NA,FALSE,FALSE,FALSE,FALSE,FALSE,FALSE,FALSE,FALSE,FALSE,FALSE,FALSE,FALSE,711,NA
Meall an Fhudair,764m,NA,Isle of Bute,https://www.walkhighlands.co.uk/argyll/isle-of-bute.shtml,NA,NA,NA,NA,FALSE,FALSE,FALSE,FALSE,FALSE,FALSE,FALSE,FALSE,FALSE,FALSE,FALSE,FALSE,974,NA
Meall an t-Seallaidh,852m,NA,Isle of Bute,https://www.walkhighlands.co.uk/argyll/isle-of-bute.shtml,NA,NA,NA,NA,FALSE,FALSE,FALSE,FALSE,FALSE,FALSE,FALSE,FALSE,FALSE,FALSE,FALSE,FALSE,1722,NA
Meall Buidhe,907m,NA,Isle of Bute,https://www.walkhighlands.co.uk/argyll/isle-of-bute.shtml,NA,NA,NA,NA,FALSE,FALSE,FALSE,FALSE,FALSE,FALSE,FALSE,FALSE,FALSE,FALSE,FALSE,FALSE,985,NA
Meall Dubh,788m,NA,Isle of Bute,https://www.walkhighlands.co.uk/argyll/isle-of-bute.shtml,NA,NA,NA,NA,FALSE,FALSE,FALSE,FALSE,FALSE,FALSE,FALSE,FALSE,FALSE,FALSE,FALSE,FALSE,820,NA
Meall Horn,777m,NA,Isle of Bute,https://www.walkhighlands.co.uk/argyll/isle-of-bute.shtml,NA,NA,NA,NA,FALSE,FALSE,FALSE,FALSE,FALSE,FALSE,FALSE,FALSE,FALSE,FALSE,FALSE,FALSE,668,NA
Meall Lighiche,772m,NA,Isle of Bute,https://www.walkhighlands.co.uk/argyll/isle-of-bute.shtml,NA,NA,NA,NA,FALSE,FALSE,FALSE,FALSE,FALSE,FALSE,FALSE,FALSE,FALSE,FALSE,FALSE,FALSE,1500,NA
Meall na Fearna,809m,NA,Isle of Bute,https://www.walkhighlands.co.uk/argyll/isle-of-bute.shtml,NA,NA,NA,NA,FALSE,FALSE,FALSE,FALSE,FALSE,FALSE,FALSE,FALSE,FALSE,FALSE,FALSE,FALSE,1325,NA
Meall na h-Aisre,862m,NA,Isle of Bute,https://www.walkhighlands.co.uk/argyll/isle-of-bute.shtml,NA,NA,NA,NA,FALSE,FALSE,FALSE,FALSE,FALSE,FALSE,FALSE,FALSE,FALSE,FALSE,FALSE,FALSE,837,NA
Meall na h-Eilde,838m,NA,Isle of Bute,https://www.walkhighlands.co.uk/argyll/isle-of-bute.shtml,NA,NA,NA,NA,FALSE,FALSE,FALSE,FALSE,FALSE,FALSE,FALSE,FALSE,FALSE,FALSE,FALSE,FALSE,769,NA
Meall na Leitreach,775m,NA,Isle of Bute,https://www.walkhighlands.co.uk/argyll/isle-of-bute.shtml,NA,NA,NA,NA,FALSE,FALSE,FALSE,FALSE,FALSE,FALSE,FALSE,FALSE,FALSE,FALSE,FALSE,FALSE,1502,NA
Meall nam Maigheach,779m,NA,Isle of Bute,https://www.walkhighlands.co.uk/argyll/isle-of-bute.shtml,NA,NA,NA,NA,FALSE,FALSE,FALSE,FALSE,FALSE,FALSE,FALSE,FALSE,FALSE,FALSE,FALSE,FALSE,1260,NA
Meall nan Subh,806m,NA,Isle of Bute,https://www.walkhighlands.co.uk/argyll/isle-of-bute.shtml,NA,NA,NA,NA,FALSE,FALSE,FALSE,FALSE,FALSE,FALSE,FALSE,FALSE,FALSE,FALSE,FALSE,FALSE,980,NA
Meall Tairneachan,787m,NA,Isle of Bute,https://www.walkhighlands.co.uk/argyll/isle-of-bute.shtml,NA,NA,NA,NA,FALSE,FALSE,FALSE,FALSE,FALSE,FALSE,FALSE,FALSE,FALSE,FALSE,FALSE,FALSE,1483,NA
Meallach Mhòr,769m,NA,Isle of Bute,https://www.walkhighlands.co.uk/argyll/isle-of-bute.shtml,NA,NA,NA,NA,FALSE,FALSE,FALSE,FALSE,FALSE,FALSE,FALSE,FALSE,FALSE,FALSE,FALSE,FALSE,873,NA
Meallan Liath Coire Mhic Dhughaill,801m,NA,Isle of Bute,https://www.walkhighlands.co.uk/argyll/isle-of-bute.shtml,NA,NA,NA,NA,FALSE,FALSE,FALSE,FALSE,FALSE,FALSE,FALSE,FALSE,FALSE,FALSE,FALSE,FALSE,590,NA
Meallan nan Uan,838m,NA,Isle of Bute,https://www.walkhighlands.co.uk/argyll/isle-of-bute.shtml,NA,NA,NA,NA,FALSE,FALSE,FALSE,FALSE,FALSE,FALSE,FALSE,FALSE,FALSE,FALSE,FALSE,FALSE,1019,NA
Merrick,843m,NA,Isle of Bute,https://www.walkhighlands.co.uk/argyll/isle-of-bute.shtml,NA,NA,NA,NA,FALSE,FALSE,FALSE,FALSE,FALSE,FALSE,FALSE,FALSE,FALSE,FALSE,FALSE,FALSE,3551,NA
Monamenach,807m,NA,Isle of Bute,https://www.walkhighlands.co.uk/argyll/isle-of-bute.shtml,NA,NA,NA,NA,FALSE,FALSE,FALSE,FALSE,FALSE,FALSE,FALSE,FALSE,FALSE,FALSE,FALSE,FALSE,2098,NA
Morrone,859m,NA,Isle of Bute,https://www.walkhighlands.co.uk/argyll/isle-of-bute.shtml,NA,NA,NA,NA,FALSE,FALSE,FALSE,FALSE,FALSE,FALSE,FALSE,FALSE,FALSE,FALSE,FALSE,FALSE,3349,NA
Morven,872m,NA,Isle of Bute,https://www.walkhighlands.co.uk/argyll/isle-of-bute.shtml,NA,NA,NA,NA,FALSE,FALSE,FALSE,FALSE,FALSE,FALSE,FALSE,FALSE,FALSE,FALSE,FALSE,FALSE,2769,NA
Mount Battock,778m,NA,Isle of Bute,https://www.walkhighlands.co.uk/argyll/isle-of-bute.shtml,NA,NA,NA,NA,FALSE,FALSE,FALSE,FALSE,FALSE,FALSE,FALSE,FALSE,FALSE,FALSE,FALSE,FALSE,2549,NA
Quinag - Sàil Gharbh,808m,NA,Isle of Bute,https://www.walkhighlands.co.uk/argyll/isle-of-bute.shtml,NA,NA,NA,NA,FALSE,FALSE,FALSE,FALSE,FALSE,FALSE,FALSE,FALSE,FALSE,FALSE,FALSE,FALSE,2554,NA
Quinag - Sàil Ghorm,776m,NA,Isle of Bute,https://www.walkhighlands.co.uk/argyll/isle-of-bute.shtml,NA,NA,NA,NA,FALSE,FALSE,FALSE,FALSE,FALSE,FALSE,FALSE,FALSE,FALSE,FALSE,FALSE,FALSE,2267,NA
Quinag - Spidean Coinich,764m,NA,Isle of Bute,https://www.walkhighlands.co.uk/argyll/isle-of-bute.shtml,NA,NA,NA,NA,FALSE,FALSE,FALSE,FALSE,FALSE,FALSE,FALSE,FALSE,FALSE,FALSE,FALSE,FALSE,2778,NA
Rois-Bheinn,882m,NA,Isle of Bute,https://www.walkhighlands.co.uk/argyll/isle-of-bute.shtml,NA,NA,NA,NA,FALSE,FALSE,FALSE,FALSE,FALSE,FALSE,FALSE,FALSE,FALSE,FALSE,FALSE,FALSE,974,NA
Ruadh-stac Beag,896m,NA,Isle of Bute,https://www.walkhighlands.co.uk/argyll/isle-of-bute.shtml,NA,NA,NA,NA,FALSE,FALSE,FALSE,FALSE,FALSE,FALSE,FALSE,FALSE,FALSE,FALSE,FALSE,FALSE,874,NA
Sail Mhòr,767m,NA,Isle of Bute,https://www.walkhighlands.co.uk/argyll/isle-of-bute.shtml,NA,NA,NA,NA,FALSE,FALSE,FALSE,FALSE,FALSE,FALSE,FALSE,FALSE,FALSE,FALSE,FALSE,FALSE,1085,NA
Sgòr Mòr,813m,NA,Isle of Bute,https://www.walkhighlands.co.uk/argyll/isle-of-bute.shtml,NA,NA,NA,NA,FALSE,FALSE,FALSE,FALSE,FALSE,FALSE,FALSE,FALSE,FALSE,FALSE,FALSE,FALSE,1411,NA
Sgòrr Craobh a' Chaorainn,775m,NA,Isle of Bute,https://www.walkhighlands.co.uk/argyll/isle-of-bute.shtml,NA,NA,NA,NA,FALSE,FALSE,FALSE,FALSE,FALSE,FALSE,FALSE,FALSE,FALSE,FALSE,FALSE,FALSE,704,NA
Sgòrr na Diollaid,818m,NA,Isle of Bute,https://www.walkhighlands.co.uk/argyll/isle-of-bute.shtml,NA,NA,NA,NA,FALSE,FALSE,FALSE,FALSE,FALSE,FALSE,FALSE,FALSE,FALSE,FALSE,FALSE,FALSE,1108,NA
Sgòrr nan Lochan Uaine,871m,NA,Isle of Bute,https://www.walkhighlands.co.uk/argyll/isle-of-bute.shtml,NA,NA,NA,NA,FALSE,FALSE,FALSE,FALSE,FALSE,FALSE,FALSE,FALSE,FALSE,FALSE,FALSE,FALSE,803,NA
Sguman Coinntich,879m,NA,Isle of Bute,https://www.walkhighlands.co.uk/argyll/isle-of-bute.shtml,NA,NA,NA,NA,FALSE,FALSE,FALSE,FALSE,FALSE,FALSE,FALSE,FALSE,FALSE,FALSE,FALSE,FALSE,600,NA
Sgùrr a' Chaorachain,792m,NA,Isle of Bute,https://www.walkhighlands.co.uk/argyll/isle-of-bute.shtml,NA,NA,NA,NA,FALSE,FALSE,FALSE,FALSE,FALSE,FALSE,FALSE,FALSE,FALSE,FALSE,FALSE,FALSE,1400,NA
Sgùrr a' Choire-bheithe,913m,NA,Isle of Bute,https://www.walkhighlands.co.uk/argyll/isle-of-bute.shtml,NA,NA,NA,NA,FALSE,FALSE,FALSE,FALSE,FALSE,FALSE,FALSE,FALSE,FALSE,FALSE,FALSE,FALSE,424,NA
Sgùrr a' Mhuilinn,879m,NA,Isle of Bute,https://www.walkhighlands.co.uk/argyll/isle-of-bute.shtml,NA,NA,NA,NA,FALSE,FALSE,FALSE,FALSE,FALSE,FALSE,FALSE,FALSE,FALSE,FALSE,FALSE,FALSE,985,NA
Sgùrr an Airgid,841m,NA,Isle of Bute,https://www.walkhighlands.co.uk/argyll/isle-of-bute.shtml,NA,NA,NA,NA,FALSE,FALSE,FALSE,FALSE,FALSE,FALSE,FALSE,FALSE,FALSE,FALSE,FALSE,FALSE,1323,NA
Sgùrr an Fhuarain,901m,NA,Isle of Bute,https://www.walkhighlands.co.uk/argyll/isle-of-bute.shtml,NA,NA,NA,NA,FALSE,FALSE,FALSE,FALSE,FALSE,FALSE,FALSE,FALSE,FALSE,FALSE,FALSE,FALSE,1277,NA
Sgùrr an Utha,796m,NA,Isle of Bute,https://www.walkhighlands.co.uk/argyll/isle-of-bute.shtml,NA,NA,NA,NA,FALSE,FALSE,FALSE,FALSE,FALSE,FALSE,FALSE,FALSE,FALSE,FALSE,FALSE,FALSE,944,NA
Sgùrr Coire Choinnichean,796m,NA,Isle of Bute,https://www.walkhighlands.co.uk/argyll/isle-of-bute.shtml,NA,NA,NA,NA,FALSE,FALSE,FALSE,FALSE,FALSE,FALSE,FALSE,FALSE,FALSE,FALSE,FALSE,FALSE,942,NA
Sgùrr Cos na Breachd-laoidh,835m,NA,Isle of Bute,https://www.walkhighlands.co.uk/argyll/isle-of-bute.shtml,NA,NA,NA,NA,FALSE,FALSE,FALSE,FALSE,FALSE,FALSE,FALSE,FALSE,FALSE,FALSE,FALSE,FALSE,634,NA
Sgùrr Dhomhnuill,888m,NA,Isle of Bute,https://www.walkhighlands.co.uk/argyll/isle-of-bute.shtml,NA,NA,NA,NA,FALSE,FALSE,FALSE,FALSE,FALSE,FALSE,FALSE,FALSE,FALSE,FALSE,FALSE,FALSE,706,NA
Sgùrr Dubh,782m,NA,Isle of Bute,https://www.walkhighlands.co.uk/argyll/isle-of-bute.shtml,NA,NA,NA,NA,FALSE,FALSE,FALSE,FALSE,FALSE,FALSE,FALSE,FALSE,FALSE,FALSE,FALSE,FALSE,841,NA
Sgùrr Gaorsaic,839m,NA,Isle of Bute,https://www.walkhighlands.co.uk/argyll/isle-of-bute.shtml,NA,NA,NA,NA,FALSE,FALSE,FALSE,FALSE,FALSE,FALSE,FALSE,FALSE,FALSE,FALSE,FALSE,FALSE,598,NA
Sgùrr Ghiubhsachain,849m,NA,Isle of Bute,https://www.walkhighlands.co.uk/argyll/isle-of-bute.shtml,NA,NA,NA,NA,FALSE,FALSE,FALSE,FALSE,FALSE,FALSE,FALSE,FALSE,FALSE,FALSE,FALSE,FALSE,721,NA
Sgùrr Innse,809m,NA,Isle of Bute,https://www.walkhighlands.co.uk/argyll/isle-of-bute.shtml,NA,NA,NA,NA,FALSE,FALSE,FALSE,FALSE,FALSE,FALSE,FALSE,FALSE,FALSE,FALSE,FALSE,FALSE,1071,NA
Sgùrr Mhic Bharraich,779m,NA,Isle of Bute,https://www.walkhighlands.co.uk/argyll/isle-of-bute.shtml,NA,NA,NA,NA,FALSE,FALSE,FALSE,FALSE,FALSE,FALSE,FALSE,FALSE,FALSE,FALSE,FALSE,FALSE,945,NA
Sgùrr Mhurlagain,880m,NA,Isle of Bute,https://www.walkhighlands.co.uk/argyll/isle-of-bute.shtml,NA,NA,NA,NA,FALSE,FALSE,FALSE,FALSE,FALSE,FALSE,FALSE,FALSE,FALSE,FALSE,FALSE,FALSE,605,NA
Sgùrr na Ba Glaise,874m,NA,Isle of Bute,https://www.walkhighlands.co.uk/argyll/isle-of-bute.shtml,NA,NA,NA,NA,FALSE,FALSE,FALSE,FALSE,FALSE,FALSE,FALSE,FALSE,FALSE,FALSE,FALSE,FALSE,881,NA
Sgùrr na Feartaig,862m,NA,Isle of Bute,https://www.walkhighlands.co.uk/argyll/isle-of-bute.shtml,NA,NA,NA,NA,FALSE,FALSE,FALSE,FALSE,FALSE,FALSE,FALSE,FALSE,FALSE,FALSE,FALSE,FALSE,808,NA
Sgùrr nan Ceannaichean,913m,NA,Isle of Bute,https://www.walkhighlands.co.uk/argyll/isle-of-bute.shtml,NA,NA,NA,NA,FALSE,FALSE,FALSE,FALSE,FALSE,FALSE,FALSE,FALSE,FALSE,FALSE,FALSE,FALSE,2498,NA
Sgùrr nan Eugallt,898m,NA,Isle of Bute,https://www.walkhighlands.co.uk/argyll/isle-of-bute.shtml,NA,NA,NA,NA,FALSE,FALSE,FALSE,FALSE,FALSE,FALSE,FALSE,FALSE,FALSE,FALSE,FALSE,FALSE,590,NA
Shalloch on Minnoch,775m,NA,Isle of Bute,https://www.walkhighlands.co.uk/argyll/isle-of-bute.shtml,NA,NA,NA,NA,FALSE,FALSE,FALSE,FALSE,FALSE,FALSE,FALSE,FALSE,FALSE,FALSE,FALSE,FALSE,1532,NA
Sron a' Choire Chnapanich,837m,NA,Isle of Bute,https://www.walkhighlands.co.uk/argyll/isle-of-bute.shtml,NA,NA,NA,NA,FALSE,FALSE,FALSE,FALSE,FALSE,FALSE,FALSE,FALSE,FALSE,FALSE,FALSE,FALSE,1060,NA
Stob a' Choin,869m,NA,Isle of Bute,https://www.walkhighlands.co.uk/argyll/isle-of-bute.shtml,NA,NA,NA,NA,FALSE,FALSE,FALSE,FALSE,FALSE,FALSE,FALSE,FALSE,FALSE,FALSE,FALSE,FALSE,1151,NA
Stob an Aonaich Mhòir,855m,NA,Isle of Bute,https://www.walkhighlands.co.uk/argyll/isle-of-bute.shtml,NA,NA,NA,NA,FALSE,FALSE,FALSE,FALSE,FALSE,FALSE,FALSE,FALSE,FALSE,FALSE,FALSE,FALSE,690,NA
Stob Coire a' Chearcaill,771m,NA,Isle of Bute,https://www.walkhighlands.co.uk/argyll/isle-of-bute.shtml,NA,NA,NA,NA,FALSE,FALSE,FALSE,FALSE,FALSE,FALSE,FALSE,FALSE,FALSE,FALSE,FALSE,FALSE,883,NA
Stob Dubh,883m,NA,Isle of Bute,https://www.walkhighlands.co.uk/argyll/isle-of-bute.shtml,NA,NA,NA,NA,FALSE,FALSE,FALSE,FALSE,FALSE,FALSE,FALSE,FALSE,FALSE,FALSE,FALSE,FALSE,736,NA
Streap,909m,NA,Isle of Bute,https://www.walkhighlands.co.uk/argyll/isle-of-bute.shtml,NA,NA,NA,NA,FALSE,FALSE,FALSE,FALSE,FALSE,FALSE,FALSE,FALSE,FALSE,FALSE,FALSE,FALSE,826,NA
The Brack,787m,NA,Isle of Bute,https://www.walkhighlands.co.uk/argyll/isle-of-bute.shtml,NA,NA,NA,NA,FALSE,FALSE,FALSE,FALSE,FALSE,FALSE,FALSE,FALSE,FALSE,FALSE,FALSE,FALSE,2491,NA
The Cobbler,884m,NA,Isle of Bute,https://www.walkhighlands.co.uk/argyll/isle-of-bute.shtml,NA,NA,NA,NA,FALSE,FALSE,FALSE,FALSE,FALSE,FALSE,FALSE,FALSE,FALSE,FALSE,FALSE,FALSE,11700,NA
The Fara,911m,NA,Isle of Bute,https://www.walkhighlands.co.uk/argyll/isle-of-bute.shtml,NA,NA,NA,NA,FALSE,FALSE,FALSE,FALSE,FALSE,FALSE,FALSE,FALSE,FALSE,FALSE,FALSE,FALSE,1490,NA
The Sow of Atholl,803m,NA,Isle of Bute,https://www.walkhighlands.co.uk/argyll/isle-of-bute.shtml,NA,NA,NA,NA,FALSE,FALSE,FALSE,FALSE,FALSE,FALSE,FALSE,FALSE,FALSE,FALSE,FALSE,FALSE,1946,NA
White Coomb,821m,NA,Isle of Bute,https://www.walkhighlands.co.uk/argyll/isle-of-bute.shtml,NA,NA,NA,NA,FALSE,FALSE,FALSE,FALSE,FALSE,FALSE,FALSE,FALSE,FALSE,FALSE,FALSE,FALSE,2978,NA
